{"iter": [0, 50, 100, 150, 200, 250, 300, 350, 400, 450, 500, 550, 600, 650, 700, 750, 800, 850, 900, 950, 1000, 1050, 1100, 1150, 1200, 1250, 1300, 1350, 1400, 1450, 1500, 1550, 1600, 1650, 1700, 1750, 1800, 1850, 1900, 1950, 1999], "train": [4.115426540374756, 3.1188747882843018, 2.847654342651367, 2.739642381668091, 2.6995949745178223, 2.6586174964904785, 2.6458466053009033, 2.638631820678711, 2.621567487716675, 2.615847110748291, 2.6132965087890625, 2.6091067790985107, 2.6148855686187744, 2.6015784740448, 2.608120918273926, 2.6029465198516846, 2.5929253101348877, 2.606156349182129, 2.582059860229492, 2.5805742740631104, 2.5808908939361572, 2.5774762630462646, 2.581921339035034, 2.5753698348999023, 2.5771045684814453, 2.5692479610443115, 2.568251371383667, 2.565645217895508, 2.5748019218444824, 2.560962438583374, 2.5570061206817627, 2.5635454654693604, 2.562934160232544, 2.559121608734131, 2.5707502365112305, 2.5605905055999756, 2.559438467025757, 2.568978786468506, 2.5604727268218994, 2.562131881713867, 2.55971622467041], "val": [4.115726470947266, 3.143699884414673, 2.8624496459960938, 2.7385802268981934, 2.7008261680603027, 2.657569646835327, 2.6489853858947754, 2.6473333835601807, 2.6246392726898193, 2.6276237964630127, 2.6176984310150146, 2.6162548065185547, 2.6278433799743652, 2.6110236644744873, 2.6189420223236084, 2.610618829727173, 2.609281063079834, 2.62276554107666, 2.5956029891967773, 2.598342180252075, 2.5962884426116943, 2.5962343215942383, 2.6042847633361816, 2.5913445949554443, 2.6014065742492676, 2.58675479888916, 2.592057228088379, 2.5899546146392822, 2.5888988971710205, 2.5799944400787354, 2.5779616832733154, 2.582029342651367, 2.5895254611968994, 2.5788097381591797, 2.593456745147705, 2.580082893371582, 2.5790250301361084, 2.585752248764038, 2.5842397212982178, 2.592106580734253, 2.5769643783569336]}