{"iter": [0, 50, 100, 150, 200, 250, 300, 350, 400, 450, 500, 550, 600, 650, 700, 750, 800, 850, 900, 950, 1000, 1050, 1100, 1150, 1200, 1250, 1300, 1350, 1400, 1450, 1500, 1550, 1600, 1650, 1700, 1750, 1800, 1850, 1900, 1950, 1999], "train": [4.200062274932861, 2.8522326946258545, 2.608283281326294, 2.5068719387054443, 2.4357635974884033, 2.3651785850524902, 2.271859884262085, 2.2070889472961426, 2.160348415374756, 2.11812424659729, 2.0748391151428223, 2.039736032485962, 2.0150349140167236, 1.9897187948226929, 1.9716812372207642, 1.9510657787322998, 1.929091215133667, 1.9179939031600952, 1.9095888137817383, 1.8872747421264648, 1.8753200769424438, 1.8654757738113403, 1.8518993854522705, 1.8446440696716309, 1.833952784538269, 1.8284229040145874, 1.8159430027008057, 1.8120486736297607, 1.8088250160217285, 1.7974717617034912, 1.78763747215271, 1.7781733274459839, 1.7764819860458374, 1.777808666229248, 1.7663514614105225, 1.76080322265625, 1.7578669786453247, 1.754798412322998, 1.7507469654083252, 1.7436730861663818, 1.7365301847457886], "val": [4.203885555267334, 2.874696731567383, 2.608855962753296, 2.513612747192383, 2.4505422115325928, 2.36628794670105, 2.28240966796875, 2.221304178237915, 2.18438720703125, 2.147496461868286, 2.1162426471710205, 2.0919666290283203, 2.0713274478912354, 2.0580832958221436, 2.050077199935913, 2.0256121158599854, 2.010910987854004, 2.00331974029541, 2.0031239986419678, 1.9894543886184692, 1.9840943813323975, 1.9832457304000854, 1.975083589553833, 1.9672939777374268, 1.9519641399383545, 1.9531916379928589, 1.9411505460739136, 1.9427523612976074, 1.939393162727356, 1.9221502542495728, 1.9341098070144653, 1.9214231967926025, 1.9158515930175781, 1.9228647947311401, 1.9192465543746948, 1.9216337203979492, 1.910547137260437, 1.9226126670837402, 1.9017860889434814, 1.8986310958862305, 1.900729775428772]}